rank,file,t_sec,score,U,A,D,n_boxes,n_ambiguous,empty,selected
1,frame_0030.jpg,12.0,0.8224,0.9352,0.5161,1.0,50,16,False,True
2,frame_0131.jpg,52.4,0.8125,0.8152,0.7097,0.96,49,22,False,True
3,frame_0031.jpg,12.4,0.8069,0.9234,0.4839,1.0,52,15,False,False
4,frame_0130.jpg,52.0,0.7997,0.825,0.6774,0.92,57,21,False,False
5,frame_0023.jpg,9.2,0.7917,0.893,0.4839,1.0,44,15,False,True
6,frame_0072.jpg,28.8,0.7802,0.9088,0.4194,1.0,43,13,False,True
7,frame_0068.jpg,27.2,0.7703,0.8696,0.4516,1.0,59,14,False,False
8,frame_0170.jpg,68.0,0.7694,0.921,0.7097,0.48,66,22,False,True
9,frame_0324.jpg,129.6,0.7677,0.9035,1.0,0.08,87,31,False,True
10,frame_0028.jpg,11.2,0.7556,0.8984,0.3548,1.0,52,11,False,False
11,frame_0132.jpg,52.8,0.7552,0.8587,0.4194,1.0,56,13,False,False
12,frame_0022.jpg,8.8,0.7471,0.8813,0.3548,1.0,32,11,False,False
13,frame_0070.jpg,28.0,0.7448,0.9154,0.2903,1.0,42,9,False,False
14,frame_0027.jpg,10.8,0.744,0.8363,0.4194,1.0,46,13,False,False
15,frame_0372.jpg,148.8,0.7413,0.9701,0.7742,0.12,81,24,False,True
16,frame_0328.jpg,131.2,0.7406,0.9652,0.8065,0.08,92,25,False,False
17,frame_0125.jpg,50.0,0.7394,0.9199,0.4516,0.72,55,14,False,True
18,frame_0268.jpg,107.2,0.7385,0.9031,0.9032,0.08,78,28,False,True
19,frame_0071.jpg,28.4,0.7355,0.8387,0.3871,1.0,41,12,False,False
20,frame_0067.jpg,26.8,0.7327,0.8526,0.3548,1.0,59,11,False,True
21,frame_0333.jpg,133.2,0.7308,0.9458,0.8065,0.08,77,25,False,True
22,frame_0321.jpg,128.4,0.7291,0.933,0.7419,0.2,69,23,False,False
23,frame_0033.jpg,13.2,0.7282,0.8822,0.2903,1.0,49,9,False,False
24,frame_0284.jpg,113.6,0.7208,0.908,0.5161,0.56,43,16,False,True
25,frame_0024.jpg,9.6,0.7182,0.8235,0.3548,1.0,42,11,False,False
26,frame_0076.jpg,30.4,0.7177,0.8932,0.2903,0.92,42,9,False,False
27,frame_0327.jpg,130.8,0.7168,0.953,0.7742,0.04,73,24,False,False
28,frame_0121.jpg,48.4,0.7152,0.8968,0.5161,0.56,54,16,False,False
29,frame_0014.jpg,5.6,0.715,0.8945,0.2258,1.0,40,7,False,False
30,frame_0318.jpg,127.2,0.7131,0.9237,0.6774,0.24,65,21,False,False
31,frame_0221.jpg,88.4,0.7073,0.8928,0.7097,0.24,77,22,False,False
32,frame_0133.jpg,53.2,0.7068,0.7426,0.4516,1.0,60,14,False,False
33,frame_0390.jpg,156.0,0.7064,0.9744,0.6774,0.08,77,21,False,False
34,frame_0126.jpg,50.4,0.7062,0.8567,0.4194,0.76,52,13,False,False
35,frame_0167.jpg,66.8,0.706,0.8623,0.5161,0.6,60,16,False,False
36,frame_0020.jpg,8.0,0.7059,0.857,0.2581,1.0,33,8,False,False
37,frame_0283.jpg,113.2,0.7009,0.9228,0.4516,0.52,45,14,False,False
38,frame_0011.jpg,4.4,0.6982,0.8415,0.2581,1.0,30,8,False,False
39,frame_0293.jpg,117.2,0.698,0.7823,0.5161,0.76,37,16,False,False
40,frame_0032.jpg,12.8,0.6969,0.8197,0.2903,1.0,48,9,False,False
41,frame_0384.jpg,153.6,0.6966,0.9615,0.6129,0.16,63,19,False,False
42,frame_0386.jpg,154.4,0.6939,0.8466,0.7419,0.24,70,23,False,False
43,frame_0017.jpg,6.8,0.6934,0.8126,0.2903,1.0,33,9,False,False
44,frame_0319.jpg,127.6,0.6924,0.9632,0.5161,0.28,72,16,False,False
45,frame_0168.jpg,67.2,0.6882,0.9008,0.4194,0.56,53,13,False,False
46,frame_0325.jpg,130.0,0.6862,0.8918,0.7742,0.04,89,24,False,False
47,frame_0074.jpg,29.6,0.6837,0.8319,0.2258,1.0,35,7,False,False
48,frame_0330.jpg,132.0,0.6821,0.9418,0.6774,0.04,82,21,False,False
49,frame_0128.jpg,51.2,0.6813,0.8138,0.3548,0.84,47,11,False,False
50,frame_0010.jpg,4.0,0.6796,0.7851,0.2903,1.0,35,9,False,False
51,frame_0087.jpg,34.8,0.6786,0.9524,0.3548,0.48,33,11,False,False
52,frame_0213.jpg,85.2,0.6773,0.9758,0.2581,0.56,35,8,False,False
53,frame_0029.jpg,11.6,0.677,0.7798,0.2903,1.0,42,9,False,False
54,frame_0373.jpg,149.2,0.6745,0.9173,0.6129,0.16,73,19,False,False
55,frame_0129.jpg,51.6,0.6738,0.802,0.3226,0.88,55,10,False,False
56,frame_0007.jpg,2.8,0.6724,0.8287,0.1935,1.0,33,6,False,False
57,frame_0398.jpg,159.2,0.6722,0.9194,0.5484,0.24,50,17,False,False
58,frame_0008.jpg,3.2,0.672,0.7891,0.2581,1.0,33,8,False,False
59,frame_0285.jpg,114.0,0.6688,0.8848,0.3548,0.6,46,11,False,False
60,frame_0218.jpg,87.2,0.6678,0.9013,0.4839,0.36,47,15,False,False
61,frame_0005.jpg,2.0,0.6662,0.8162,0.1935,1.0,33,6,False,False
62,frame_0294.jpg,117.6,0.6655,0.8107,0.3871,0.72,41,12,False,False
63,frame_0171.jpg,68.4,0.6639,0.8421,0.5161,0.44,58,16,False,False
64,frame_0295.jpg,118.0,0.6638,0.746,0.5161,0.68,50,16,False,False
65,frame_0069.jpg,27.6,0.6636,0.7917,0.2258,1.0,48,7,False,False
66,frame_0368.jpg,147.2,0.6619,0.9014,0.6774,0.04,67,21,False,False
67,frame_0091.jpg,36.4,0.6601,0.9406,0.4194,0.32,47,13,False,False
68,frame_0185.jpg,74.0,0.6591,0.9379,0.5806,0.08,58,18,False,False
69,frame_0088.jpg,35.2,0.6577,0.8877,0.4194,0.44,46,13,False,False
70,frame_0073.jpg,29.2,0.6566,0.7584,0.2581,1.0,39,8,False,False
71,frame_0320.jpg,128.0,0.6566,0.9269,0.4839,0.24,64,15,False,False
72,frame_0019.jpg,7.6,0.6557,0.7566,0.2581,1.0,32,8,False,False
73,frame_0081.jpg,32.4,0.6551,0.8674,0.2581,0.72,32,8,False,False
74,frame_0025.jpg,10.0,0.6549,0.6969,0.3548,1.0,37,11,False,False
75,frame_0322.jpg,128.8,0.6548,0.9166,0.5484,0.16,71,17,False,False
76,frame_0271.jpg,108.4,0.654,0.9437,0.5806,0.04,72,18,False,False
77,frame_0021.jpg,8.4,0.6529,0.7898,0.1935,1.0,31,6,False,False
78,frame_0371.jpg,148.4,0.6515,0.9032,0.6129,0.08,84,19,False,False
79,frame_0332.jpg,132.8,0.6514,0.9772,0.5161,0.04,68,16,False,False
80,frame_0292.jpg,116.8,0.6498,0.8442,0.2258,0.8,33,7,False,False
81,frame_0375.jpg,150.0,0.6481,0.9066,0.5161,0.2,68,16,False,False
82,frame_0026.jpg,10.4,0.648,0.7218,0.2903,1.0,45,9,False,False
83,frame_0387.jpg,154.8,0.6479,0.9448,0.4516,0.2,72,14,False,False
84,frame_0009.jpg,3.6,0.6478,0.7794,0.1935,1.0,37,6,False,False
85,frame_0079.jpg,31.6,0.6478,0.8594,0.1935,0.8,44,6,False,False
86,frame_0267.jpg,106.8,0.6469,0.9361,0.5161,0.12,70,16,False,False
87,frame_0120.jpg,48.0,0.6468,0.8533,0.3871,0.52,58,12,False,False
88,frame_0399.jpg,159.6,0.6444,0.9059,0.4516,0.28,55,14,False,False
89,frame_0329.jpg,131.6,0.6427,0.9438,0.5161,0.08,81,16,False,False
90,frame_0075.jpg,30.0,0.6418,0.7641,0.2258,0.96,44,7,False,False
91,frame_0174.jpg,69.6,0.6416,0.9229,0.3871,0.32,52,12,False,False
92,frame_0001.jpg,0.4,0.641,0.6884,0.3226,1.0,42,10,False,False
93,frame_0169.jpg,67.6,0.6392,0.7995,0.4516,0.52,62,14,False,False
94,frame_0388.jpg,155.2,0.6388,0.904,0.5161,0.16,63,16,False,False
95,frame_0377.jpg,150.8,0.6382,0.9188,0.5161,0.12,57,16,False,False
96,frame_0286.jpg,114.4,0.6381,0.8074,0.3548,0.64,43,11,False,False
97,frame_0316.jpg,126.4,0.6379,0.9214,0.4839,0.16,63,15,False,False
98,frame_0090.jpg,36.0,0.6371,0.9173,0.3548,0.36,50,11,False,False
99,frame_0289.jpg,115.6,0.637,0.8733,0.1613,0.76,36,5,False,False
100,frame_0006.jpg,2.4,0.6364,0.776,0.1613,1.0,24,5,False,False
101,frame_0298.jpg,119.2,0.6349,0.9104,0.2258,0.56,44,7,False,False
102,frame_0084.jpg,33.6,0.6341,0.9122,0.1935,0.6,38,6,False,False
103,frame_0370.jpg,148.0,0.6338,0.9419,0.5161,0.04,73,16,False,False
104,frame_0317.jpg,126.8,0.6336,0.8195,0.6129,0.2,61,19,False,False
105,frame_0124.jpg,49.6,0.6335,0.8982,0.1613,0.68,50,5,False,False
106,frame_0172.jpg,68.8,0.6335,0.9135,0.3226,0.4,45,10,False,False
107,frame_0379.jpg,151.6,0.6321,0.8804,0.6129,0.04,64,19,False,False
108,frame_0385.jpg,154.0,0.6321,0.9133,0.4516,0.2,59,14,False,False
109,frame_0211.jpg,84.4,0.6312,0.8516,0.2581,0.64,44,8,False,False
110,frame_0127.jpg,50.8,0.6296,0.7457,0.3226,0.8,50,10,False,False
111,frame_0203.jpg,81.2,0.6296,0.8291,0.2903,0.64,28,9,False,False
112,frame_0393.jpg,157.2,0.6294,0.8945,0.5806,0.04,63,18,False,False
113,frame_0193.jpg,77.2,0.6281,0.8505,0.5161,0.24,41,16,False,False
114,frame_0018.jpg,7.2,0.6278,0.7588,0.1613,1.0,29,5,False,False
115,frame_0269.jpg,107.6,0.6268,0.8312,0.6774,0.04,79,21,False,False
116,frame_0279.jpg,111.6,0.6268,0.916,0.3226,0.36,44,10,False,False
117,frame_0222.jpg,88.8,0.6248,0.8792,0.4839,0.2,56,15,False,False
118,frame_0215.jpg,86.0,0.6239,0.8816,0.2903,0.48,36,9,False,False
119,frame_0209.jpg,83.6,0.6223,0.8212,0.2258,0.72,29,7,False,False
120,frame_0223.jpg,89.2,0.6208,0.8873,0.4839,0.16,56,15,False,False
121,frame_0219.jpg,87.6,0.6203,0.8804,0.3871,0.32,44,12,False,False
122,frame_0389.jpg,155.6,0.6179,0.8974,0.4839,0.12,67,15,False,False
123,frame_0281.jpg,112.4,0.6176,0.9237,0.2258,0.44,36,7,False,False
124,frame_0202.jpg,80.8,0.6168,0.9162,0.129,0.6,26,4,False,False
125,frame_0210.jpg,84.0,0.6162,0.825,0.2258,0.68,38,7,False,False
126,frame_0078.jpg,31.2,0.6133,0.7938,0.1613,0.84,34,5,False,False
127,frame_0301.jpg,120.4,0.6122,0.7968,0.4194,0.44,51,13,False,False
128,frame_0012.jpg,4.8,0.612,0.7659,0.0968,1.0,30,3,False,False
129,frame_0000.jpg,0.0,0.6116,0.6878,0.2258,1.0,44,7,False,False
130,frame_0232.jpg,92.8,0.6113,0.8717,0.4516,0.2,55,14,False,False
131,frame_0275.jpg,110.0,0.6112,0.8908,0.4194,0.2,52,13,False,False
132,frame_0288.jpg,115.2,0.6083,0.7738,0.2581,0.72,39,8,False,False
133,frame_0282.jpg,112.8,0.6076,0.9071,0.1935,0.48,34,6,False,False
134,frame_0013.jpg,5.2,0.6075,0.6795,0.2258,1.0,39,7,False,False
135,frame_0397.jpg,158.8,0.6075,0.9414,0.3226,0.2,55,10,False,False
136,frame_0122.jpg,48.8,0.6069,0.8189,0.2581,0.6,49,8,False,False
137,frame_0367.jpg,146.8,0.6063,0.9097,0.4516,0.08,67,14,False,False
138,frame_0274.jpg,109.6,0.6044,0.9513,0.3226,0.16,42,10,False,False
139,frame_0200.jpg,80.0,0.6042,0.8844,0.1935,0.52,24,6,False,False
140,frame_0280.jpg,112.0,0.6034,0.8919,0.2581,0.4,38,8,False,False
141,frame_0116.jpg,46.4,0.6019,0.8856,0.2903,0.36,58,9,False,False
142,frame_0323.jpg,129.2,0.6016,0.9811,0.2903,0.12,53,9,False,False
143,frame_0175.jpg,70.0,0.6013,0.8584,0.3871,0.28,50,12,False,False
144,frame_0226.jpg,90.4,0.6012,0.896,0.4839,0.04,64,15,False,False
145,frame_0378.jpg,151.2,0.6007,0.8985,0.4516,0.08,56,14,False,False
146,frame_0004.jpg,1.6,0.5999,0.6644,0.2258,1.0,33,7,False,False
147,frame_0180.jpg,72.0,0.5986,0.9136,0.4194,0.08,61,13,False,False
148,frame_0178.jpg,71.2,0.5978,0.88,0.4194,0.16,53,13,False,False
149,frame_0089.jpg,35.6,0.5977,0.8225,0.3548,0.4,49,11,False,False
150,frame_0374.jpg,149.6,0.5961,0.8413,0.4516,0.2,55,14,False,False
151,frame_0003.jpg,1.2,0.596,0.7146,0.129,1.0,34,4,False,False
152,frame_0186.jpg,74.4,0.5955,0.9041,0.4516,0.04,62,14,False,False
153,frame_0197.jpg,78.8,0.5954,0.876,0.2581,0.4,26,8,False,False
154,frame_0184.jpg,73.6,0.5941,0.9045,0.4194,0.08,56,13,False,False
155,frame_0225.jpg,90.0,0.5934,0.8258,0.5484,0.08,68,17,False,False
156,frame_0173.jpg,69.2,0.5927,0.8672,0.2903,0.36,50,9,False,False
157,frame_0391.jpg,156.4,0.5921,0.7811,0.6452,0.04,76,20,False,False
158,frame_0002.jpg,0.8,0.5907,0.6846,0.1613,1.0,36,5,False,False
159,frame_0315.jpg,126.0,0.59,0.8804,0.4194,0.12,50,13,False,False
160,frame_0296.jpg,118.4,0.5899,0.7884,0.2258,0.64,38,7,False,False
161,frame_0376.jpg,150.4,0.5895,0.9022,0.3548,0.16,56,11,False,False
162,frame_0109.jpg,43.6,0.5893,0.9143,0.3871,0.08,50,12,False,False
163,frame_0278.jpg,111.2,0.5889,0.9531,0.1613,0.32,41,5,False,False
164,frame_0177.jpg,70.8,0.5877,0.8631,0.3871,0.2,54,12,False,False
165,frame_0306.jpg,122.4,0.5851,0.8419,0.3871,0.24,48,12,False,False
166,frame_0290.jpg,116.0,0.5846,0.7137,0.2258,0.8,24,7,False,False
167,frame_0198.jpg,79.2,0.5842,0.8376,0.2581,0.44,28,8,False,False
168,frame_0230.jpg,92.0,0.5841,0.8493,0.4516,0.12,56,14,False,False
169,frame_0118.jpg,47.2,0.5835,0.7394,0.4194,0.44,56,13,False,False
170,frame_0396.jpg,158.4,0.5829,0.8115,0.4839,0.16,60,15,False,False
171,frame_0313.jpg,125.2,0.5813,0.8757,0.4516,0.04,56,14,False,False
172,frame_0299.jpg,119.6,0.5804,0.7205,0.3871,0.52,46,12,False,False
173,frame_0098.jpg,39.2,0.5796,0.911,0.3871,0.04,51,12,False,False
174,frame_0220.jpg,88.0,0.5793,0.8724,0.2903,0.28,56,9,False,False
175,frame_0077.jpg,30.8,0.5785,0.7662,0.0645,0.88,34,2,False,False
176,frame_0104.jpg,41.6,0.5784,0.9539,0.2581,0.12,48,8,False,False
177,frame_0015.jpg,6.0,0.5768,0.56,0.3226,1.0,31,10,False,False
178,frame_0199.jpg,79.6,0.5763,0.9026,0.0968,0.48,23,3,False,False
179,frame_0189.jpg,75.6,0.576,0.8878,0.3871,0.08,43,12,False,False
180,frame_0212.jpg,84.8,0.5752,0.7943,0.1935,0.6,34,6,False,False
181,frame_0216.jpg,86.4,0.5747,0.8961,0.129,0.44,32,4,False,False
182,frame_0272.jpg,108.8,0.5739,0.8642,0.4194,0.08,53,13,False,False
183,frame_0206.jpg,82.4,0.5734,0.7073,0.2258,0.76,28,7,False,False
184,frame_0115.jpg,46.0,0.5724,0.8426,0.2903,0.32,47,9,False,False
185,frame_0233.jpg,93.2,0.5718,0.7572,0.4839,0.24,55,15,False,False
186,frame_0228.jpg,91.2,0.5717,0.9533,0.2903,0.04,54,9,False,False
187,frame_0117.jpg,46.8,0.5715,0.7508,0.3871,0.4,53,12,False,False
188,frame_0201.jpg,80.4,0.571,0.8212,0.1613,0.56,28,5,False,False
189,frame_0082.jpg,32.8,0.5703,0.7719,0.1613,0.68,32,5,False,False
190,frame_0277.jpg,110.8,0.5655,0.8836,0.2258,0.28,36,7,False,False
191,frame_0194.jpg,77.6,0.5646,0.8236,0.3226,0.28,34,10,False,False
192,frame_0314.jpg,125.6,0.5644,0.8258,0.4516,0.08,52,14,False,False
193,frame_0273.jpg,109.2,0.5619,0.921,0.2581,0.12,50,8,False,False
194,frame_0092.jpg,36.8,0.5591,0.89,0.1935,0.28,45,6,False,False
195,frame_0207.jpg,82.8,0.5585,0.7003,0.1613,0.8,32,5,False,False
196,frame_0204.jpg,81.6,0.5581,0.7281,0.1935,0.68,28,6,False,False
197,frame_0192.jpg,76.8,0.5561,0.8386,0.3226,0.2,40,10,False,False
198,frame_0188.jpg,75.2,0.5555,0.979,0.1935,0.04,59,6,False,False
199,frame_0287.jpg,114.8,0.5555,0.7036,0.2258,0.68,41,7,False,False
200,frame_0112.jpg,44.8,0.5529,0.8709,0.2581,0.2,42,8,False,False
201,frame_0086.jpg,34.4,0.5525,0.7228,0.2903,0.52,37,9,False,False
202,frame_0176.jpg,70.4,0.5498,0.8294,0.2903,0.24,53,9,False,False
203,frame_0276.jpg,110.4,0.5493,0.8865,0.1935,0.24,41,6,False,False
204,frame_0113.jpg,45.2,0.5478,0.8448,0.2581,0.24,42,8,False,False
205,frame_0382.jpg,152.8,0.5472,0.8108,0.4194,0.08,55,13,False,False
206,frame_0016.jpg,6.4,0.547,0.6552,0.0645,1.0,30,2,False,False
207,frame_0093.jpg,37.2,0.5456,0.8791,0.1935,0.24,39,6,False,False
208,frame_0302.jpg,120.8,0.5454,0.7566,0.2903,0.4,32,9,False,False
209,frame_0114.jpg,45.6,0.544,0.8018,0.2903,0.28,39,9,False,False
210,frame_0181.jpg,72.4,0.5435,0.8194,0.4194,0.04,44,13,False,False
211,frame_0383.jpg,153.2,0.5428,0.8054,0.3871,0.12,55,12,False,False
212,frame_0214.jpg,85.6,0.5417,0.7399,0.2258,0.52,38,7,False,False
213,frame_0085.jpg,34.0,0.5399,0.7204,0.2258,0.56,32,7,False,False
214,frame_0102.jpg,40.8,0.5397,0.7798,0.4194,0.12,44,13,False,False
215,frame_0395.jpg,158.0,0.5393,0.8564,0.2903,0.12,45,9,False,False
216,frame_0179.jpg,71.6,0.5385,0.8549,0.2903,0.12,50,9,False,False
217,frame_0217.jpg,86.8,0.5382,0.8003,0.1935,0.4,47,6,False,False
218,frame_0297.jpg,118.8,0.5382,0.6815,0.2581,0.6,38,8,False,False
219,frame_0300.jpg,120.0,0.5368,0.688,0.3226,0.48,42,10,False,False
220,frame_0307.jpg,122.8,0.5355,0.8942,0.1613,0.2,43,5,False,False
221,frame_0308.jpg,123.2,0.5343,0.8498,0.2581,0.16,48,8,False,False
222,frame_0119.jpg,47.6,0.5311,0.7734,0.1613,0.48,48,5,False,False
223,frame_0305.jpg,122.0,0.5305,0.6974,0.4194,0.28,47,13,False,False
224,frame_0205.jpg,82.0,0.5285,0.711,0.0968,0.72,28,3,False,False
225,frame_0196.jpg,78.4,0.5281,0.8154,0.1613,0.36,22,5,False,False
226,frame_0381.jpg,152.4,0.5266,0.8631,0.2903,0.04,56,9,False,False
227,frame_0208.jpg,83.2,0.525,0.6299,0.1935,0.76,34,6,False,False
228,frame_0224.jpg,89.6,0.5238,0.7867,0.3548,0.12,49,11,False,False
229,frame_0123.jpg,49.2,0.5219,0.633,0.2581,0.64,46,8,False,False
230,frame_0111.jpg,44.4,0.5187,0.7605,0.3548,0.16,50,11,False,False
231,frame_0311.jpg,124.4,0.5136,0.779,0.3871,0.04,54,12,False,False
232,frame_0303.jpg,121.2,0.5117,0.7246,0.2581,0.36,36,8,False,False
233,frame_0394.jpg,157.6,0.5109,0.777,0.3548,0.08,58,11,False,False
234,frame_0097.jpg,38.8,0.5098,0.8134,0.2903,0.08,44,9,False,False
235,frame_0080.jpg,32.0,0.5094,0.5794,0.2258,0.76,32,7,False,False
236,frame_0191.jpg,76.4,0.5093,0.8386,0.1935,0.16,39,6,False,False
237,frame_0190.jpg,76.0,0.505,0.8072,0.2581,0.12,42,8,False,False
238,frame_0304.jpg,121.6,0.5041,0.706,0.2903,0.32,39,9,False,False
239,frame_0310.jpg,124.0,0.5028,0.78,0.3226,0.08,52,10,False,False
240,frame_0195.jpg,78.0,0.5022,0.7216,0.2581,0.32,30,8,False,False
241,frame_0231.jpg,92.4,0.5003,0.7238,0.3548,0.16,52,11,False,False
242,frame_0105.jpg,42.0,0.4972,0.8076,0.2581,0.08,48,8,False,False
243,frame_0291.jpg,116.4,0.4948,0.5761,0.129,0.84,33,4,False,False
244,frame_0229.jpg,91.6,0.4939,0.7816,0.2903,0.08,62,9,False,False
245,frame_0095.jpg,38.0,0.4922,0.7462,0.2903,0.16,50,9,False,False
246,frame_0101.jpg,40.4,0.4921,0.8168,0.2258,0.08,39,7,False,False
247,frame_0108.jpg,43.2,0.4921,0.794,0.2903,0.04,44,9,False,False
248,frame_0096.jpg,38.4,0.4897,0.8347,0.1613,0.12,41,5,False,False
249,frame_0309.jpg,123.6,0.4894,0.7567,0.2903,0.12,50,9,False,False
250,frame_0183.jpg,73.2,0.4684,0.7467,0.2903,0.04,46,9,False,False
251,frame_0103.jpg,41.2,0.4602,0.779,0.129,0.16,43,4,False,False
252,frame_0094.jpg,37.6,0.4595,0.6842,0.2581,0.2,42,8,False,False
253,frame_0110.jpg,44.0,0.4428,0.7022,0.2258,0.12,42,7,False,False
254,frame_0083.jpg,33.2,0.4419,0.5698,0.0968,0.64,31,3,False,False
255,frame_0106.jpg,42.4,0.4232,0.7143,0.1935,0.04,38,6,False,False
256,frame_0100.jpg,40.0,0.3715,0.6495,0.129,0.04,35,4,False,False
